{"cameraMode":{"drawMode":0,"name":"Shaded","section":"Shading Mode"},"sceneLighting":true,"audioPlay":false,"sceneViewState":{"showFog":true,"showMaterialUpdate":false,"showSkybox":true,"showFlares":true,"showImageEffects":true,"showParticleSystems":true},"in2DMode":false,"pivot":{"x":23.314035415649415,"y":0.9208621978759766,"z":-1.6086831092834473},"rotation":{"x":-0.09240613877773285,"y":-0.6830302476882935,"z":0.08779962360858917,"w":-0.7192407250404358},"size":24.28900718688965,"orthographic":false}