{"cameraMode":{"drawMode":0,"name":"Shaded","section":"Shading Mode"},"sceneLighting":true,"audioPlay":false,"sceneViewState":{"showFog":true,"showMaterialUpdate":false,"showSkybox":true,"showFlares":true,"showImageEffects":true,"showParticleSystems":true},"in2DMode":false,"pivot":{"x":-0.3013851046562195,"y":1.6825191974639893,"z":-0.23309026658535005},"rotation":{"x":-0.23506881296634675,"y":0.013703926466405392,"z":-0.0033049918711185457,"w":-0.9718929529190064},"size":3.3914287090301515,"orthographic":false}